"","MET","TIME","SAMPLE","QT"
"1","aspartic acid",0.5,1,0.771
"2","aspartic acid",0.5,2,0.761
"3","aspartic acid",0.5,3,0.701
"4","aspartic acid",1,1,0.686
"5","aspartic acid",1,2,0.767
"6","aspartic acid",1,3,0.775
"7","aspartic acid",2,1,0.728
"8","aspartic acid",2,2,0.778
"9","aspartic acid",2,3,0.702
"10","aspartic acid",4,1,1.1
"11","aspartic acid",4,2,1.33
"12","aspartic acid",4,3,1.27
"13","aspartic acid",12,1,0.695
"14","aspartic acid",12,2,0.72
"15","aspartic acid",12,3,0.715
"16","aspartic acid",24,1,0.535
"17","aspartic acid",24,2,0.473
"18","aspartic acid",24,3,0.518
"19","aspartic acid",48,1,0.664
"20","aspartic acid",48,2,0.629
"21","aspartic acid",48,3,0.542
"22","aspartic acid",72,1,0.271
"23","aspartic acid",72,2,0.346
"24","aspartic acid",72,3,0.274
"25","asparagine",0.5,1,0.871
"26","asparagine",0.5,2,0.969
"27","asparagine",0.5,3,0.934
"28","asparagine",1,1,0.953
"29","asparagine",1,2,0.968
"30","asparagine",1,3,0.965
"31","asparagine",2,1,0.966
"32","asparagine",2,2,1.16
"33","asparagine",2,3,1.28
"34","asparagine",4,1,0.961
"35","asparagine",4,2,0.867
"36","asparagine",4,3,0.864
"37","asparagine",12,1,0.769
"38","asparagine",12,2,0.599
"39","asparagine",12,3,0.714
"40","asparagine",24,1,0.987
"41","asparagine",24,2,1.02
"42","asparagine",24,3,0.985
"43","asparagine",48,1,0.845
"44","asparagine",48,2,0.895
"45","asparagine",48,3,0.841
"46","asparagine",72,1,0.458
"47","asparagine",72,2,0.476
"48","asparagine",72,3,0.439
"49","serine ",0.5,1,0.776
"50","serine ",0.5,2,0.803
"51","serine ",0.5,3,0.782
"52","serine ",1,1,0.807
"53","serine ",1,2,0.875
"54","serine ",1,3,0.906
"55","serine ",2,1,1
"56","serine ",2,2,1.03
"57","serine ",2,3,0.832
"58","serine ",4,1,0.905
"59","serine ",4,2,0.894
"60","serine ",4,3,0.903
"61","serine ",12,1,0.808
"62","serine ",12,2,0.815
"63","serine ",12,3,0.812
"64","serine ",24,1,0.827
"65","serine ",24,2,0.841
"66","serine ",24,3,0.844
"67","serine ",48,1,0.909
"68","serine ",48,2,0.861
"69","serine ",48,3,0.903
"70","serine ",72,1,0.8
"71","serine ",72,2,0.8
"72","serine ",72,3,0.8
"73","glycine",0.5,1,0.898
"74","glycine",0.5,2,0.914
"75","glycine",0.5,3,0.896
"76","glycine",1,1,0.829
"77","glycine",1,2,0.846
"78","glycine",1,3,0.82
"79","glycine",2,1,0.972
"80","glycine",2,2,0.945
"81","glycine",2,3,0.956
"82","glycine",4,1,0.788
"83","glycine",4,2,0.866
"84","glycine",4,3,0.838
"85","glycine",12,1,0.778
"86","glycine",12,2,0.787
"87","glycine",12,3,0.787
"88","glycine",24,1,0.828
"89","glycine",24,2,0.816
"90","glycine",24,3,0.836
"91","glycine",48,1,1.04
"92","glycine",48,2,0.934
"93","glycine",48,3,0.968
"94","glycine",72,1,0.853
"95","glycine",72,2,0.862
"96","glycine",72,3,0.873
"97","alanine",0.5,1,0.966
"98","alanine",0.5,2,0.944
"99","alanine",0.5,3,0.863
"100","alanine",1,1,0.715
"101","alanine",1,2,0.94
"102","alanine",1,3,0.873
"103","alanine",2,1,0.887
"104","alanine",2,2,0.827
"105","alanine",2,3,0.863
"106","alanine",4,1,0.868
"107","alanine",4,2,0.938
"108","alanine",4,3,0.885
"109","alanine",12,1,0.71
"110","alanine",12,2,0.71
"111","alanine",12,3,0.71
"112","alanine",24,1,1.34
"113","alanine",24,2,1.35
"114","alanine",24,3,1.21
"115","alanine",48,1,1.33
"116","alanine",48,2,1.33
"117","alanine",48,3,1.26
"118","alanine",72,1,1.45
"119","alanine",72,2,1.35
"120","alanine",72,3,1.36
"121","glutamic acid",0.5,1,0.478
"122","glutamic acid",0.5,2,0.462
"123","glutamic acid",0.5,3,0.481
"124","glutamic acid",1,1,0.565
"125","glutamic acid",1,2,0.575
"126","glutamic acid",1,3,0.569
"127","glutamic acid",2,1,0.47
"128","glutamic acid",2,2,0.484
"129","glutamic acid",2,3,0.479
"130","glutamic acid",4,1,0.674
"131","glutamic acid",4,2,0.729
"132","glutamic acid",4,3,0.683
"133","glutamic acid",12,1,0.53
"134","glutamic acid",12,2,0.477
"135","glutamic acid",12,3,0.505
"136","glutamic acid",24,1,0.606
"137","glutamic acid",24,2,0.79
"138","glutamic acid",24,3,0.734
"139","glutamic acid",48,1,0.49
"140","glutamic acid",48,2,0.556
"141","glutamic acid",48,3,0.567
"142","glutamic acid",72,1,0.561
"143","glutamic acid",72,2,0.635
"144","glutamic acid",72,3,0.646
"145","glutamine",0.5,1,0.47
"146","glutamine",0.5,2,0.479
"147","glutamine",0.5,3,0.4
"148","glutamine",1,1,0.534
"149","glutamine",1,2,0.473
"150","glutamine",1,3,0.748
"151","glutamine",2,1,0.625
"152","glutamine",2,2,0.653
"153","glutamine",2,3,0.631
"154","glutamine",4,1,0.733
"155","glutamine",4,2,0.77
"156","glutamine",4,3,0.733
"157","glutamine",12,1,0.738
"158","glutamine",12,2,0.743
"159","glutamine",12,3,0.785
"160","glutamine",24,1,0.703
"161","glutamine",24,2,0.703
"162","glutamine",24,3,0.674
"163","glutamine",48,1,0.624
"164","glutamine",48,2,0.646
"165","glutamine",48,3,0.552
"166","glutamine",72,1,0.307
"167","glutamine",72,2,0.396
"168","glutamine",72,3,0.348
"169","threonine",0.5,1,0.931
"170","threonine",0.5,2,0.858
"171","threonine",0.5,3,0.874
"172","threonine",1,1,1.01
"173","threonine",1,2,1.08
"174","threonine",1,3,0.981
"175","threonine",2,1,1.09
"176","threonine",2,2,0.994
"177","threonine",2,3,1.01
"178","threonine",4,1,0.976
"179","threonine",4,2,0.981
"180","threonine",4,3,0.991
"181","threonine",12,1,0.856
"182","threonine",12,2,0.967
"183","threonine",12,3,0.904
"184","threonine",24,1,1.15
"185","threonine",24,2,1.19
"186","threonine",24,3,1.18
"187","threonine",48,1,1.04
"188","threonine",48,2,1.06
"189","threonine",48,3,0.901
"190","threonine",72,1,0.534
"191","threonine",72,2,0.559
"192","threonine",72,3,0.602
"193","proline",0.5,1,0.951
"194","proline",0.5,2,0.968
"195","proline",0.5,3,0.981
"196","proline",1,1,1.04
"197","proline",1,2,1.04
"198","proline",1,3,1.06
"199","proline",2,1,0.916
"200","proline",2,2,0.904
"201","proline",2,3,0.901
"202","proline",4,1,0.797
"203","proline",4,2,0.783
"204","proline",4,3,0.786
"205","proline",12,1,0.917
"206","proline",12,2,0.917
"207","proline",12,3,0.986
"208","proline",24,1,1.08
"209","proline",24,2,1.09
"210","proline",24,3,1.09
"211","proline",48,1,0.938
"212","proline",48,2,0.985
"213","proline",48,3,1
"214","proline",72,1,0.589
"215","proline",72,2,0.632
"216","proline",72,3,0.588
"217","valine",0.5,1,0.811
"218","valine",0.5,2,0.823
"219","valine",0.5,3,0.806
"220","valine",1,1,0.901
"221","valine",1,2,1.03
"222","valine",1,3,0.929
"223","valine",2,1,1.09
"224","valine",2,2,0.965
"225","valine",2,3,0.961
"226","valine",4,1,0.968
"227","valine",4,2,0.997
"228","valine",4,3,0.999
"229","valine",12,1,0.863
"230","valine",12,2,0.841
"231","valine",12,3,0.848
"232","valine",24,1,0.697
"233","valine",24,2,0.691
"234","valine",24,3,0.706
"235","valine",48,1,0.706
"236","valine",48,2,0.713
"237","valine",48,3,0.697
"238","valine",72,1,0.367
"239","valine",72,2,0.418
"240","valine",72,3,0.431
"241","tryptophan",0.5,1,1.33
"242","tryptophan",0.5,2,1.36
"243","tryptophan",0.5,3,1.26
"244","tryptophan",1,1,2.14
"245","tryptophan",1,2,2.24
"246","tryptophan",1,3,2.22
"247","tryptophan",2,1,2.26
"248","tryptophan",2,2,2.22
"249","tryptophan",2,3,2.22
"250","tryptophan",4,1,1.13
"251","tryptophan",4,2,1.13
"252","tryptophan",4,3,1.11
"253","tryptophan",12,1,1.02
"254","tryptophan",12,2,0.985
"255","tryptophan",12,3,0.985
"256","tryptophan",24,1,0.391
"257","tryptophan",24,2,0.392
"258","tryptophan",24,3,0.389
"259","tryptophan",48,1,0.406
"260","tryptophan",48,2,0.423
"261","tryptophan",48,3,0.43
"262","tryptophan",72,1,0.272
"263","tryptophan",72,2,0.219
"264","tryptophan",72,3,0.206
"265","isoleucine",0.5,1,1.03
"266","isoleucine",0.5,2,1.03
"267","isoleucine",0.5,3,1.09
"268","isoleucine",1,1,1.22
"269","isoleucine",1,2,1.14
"270","isoleucine",1,3,1.21
"271","isoleucine",2,1,1.34
"272","isoleucine",2,2,1.31
"273","isoleucine",2,3,1.22
"274","isoleucine",4,1,1.05
"275","isoleucine",4,2,1.12
"276","isoleucine",4,3,1.11
"277","isoleucine",12,1,0.909
"278","isoleucine",12,2,0.906
"279","isoleucine",12,3,0.901
"280","isoleucine",24,1,0.861
"281","isoleucine",24,2,0.971
"282","isoleucine",24,3,0.925
"283","isoleucine",48,1,1.01
"284","isoleucine",48,2,1.02
"285","isoleucine",48,3,1.07
"286","isoleucine",72,1,0.206
"287","isoleucine",72,2,0.167
"288","isoleucine",72,3,0.161
"289","leucine",0.5,1,1.1
"290","leucine",0.5,2,1.12
"291","leucine",0.5,3,1.11
"292","leucine",1,1,1.11
"293","leucine",1,2,1.15
"294","leucine",1,3,1.14
"295","leucine",2,1,1.27
"296","leucine",2,2,1.46
"297","leucine",2,3,1.25
"298","leucine",4,1,1.2
"299","leucine",4,2,1.2
"300","leucine",4,3,1.2
"301","leucine",12,1,0.914
"302","leucine",12,2,0.857
"303","leucine",12,3,0.906
"304","leucine",24,1,0.572
"305","leucine",24,2,0.592
"306","leucine",24,3,0.595
"307","leucine",48,1,0.699
"308","leucine",48,2,0.715
"309","leucine",48,3,0.745
"310","leucine",72,1,0.25
"311","leucine",72,2,0.232
"312","leucine",72,3,0.207
"313","phenylalanine",0.5,1,1.52
"314","phenylalanine",0.5,2,1.48
"315","phenylalanine",0.5,3,1.49
"316","phenylalanine",1,1,1.84
"317","phenylalanine",1,2,1.94
"318","phenylalanine",1,3,1.77
"319","phenylalanine",2,1,1.59
"320","phenylalanine",2,2,1.61
"321","phenylalanine",2,3,1.61
"322","phenylalanine",4,1,1.43
"323","phenylalanine",4,2,1.31
"324","phenylalanine",4,3,1.3
"325","phenylalanine",12,1,0.72
"326","phenylalanine",12,2,0.706
"327","phenylalanine",12,3,0.623
"328","phenylalanine",24,1,0.29
"329","phenylalanine",24,2,0.29
"330","phenylalanine",24,3,0.29
"331","phenylalanine",48,1,0.526
"332","phenylalanine",48,2,0.508
"333","phenylalanine",48,3,0.511
"334","phenylalanine",72,1,0.706
"335","phenylalanine",72,2,0.693
"336","phenylalanine",72,3,0.593
"337","pyruvate",0.5,1,1.16
"338","pyruvate",0.5,2,1.21
"339","pyruvate",0.5,3,1.17
"340","pyruvate",1,1,1.2
"341","pyruvate",1,2,1.33
"342","pyruvate",1,3,1.33
"343","pyruvate",2,1,0.86
"344","pyruvate",2,2,0.86
"345","pyruvate",2,3,0.86
"346","pyruvate",4,1,0.747
"347","pyruvate",4,2,0.769
"348","pyruvate",4,3,0.4
"349","pyruvate",12,1,0.436
"350","pyruvate",12,2,0.52
"351","pyruvate",12,3,0.488
"352","pyruvate",24,1,1.82
"353","pyruvate",24,2,1.89
"354","pyruvate",24,3,1.97
"355","pyruvate",48,1,3.58
"356","pyruvate",48,2,4.01
"357","pyruvate",48,3,3.41
"358","pyruvate",72,1,3.6
"359","pyruvate",72,2,3.67
"360","pyruvate",72,3,3.58
"361","lactate",0.5,1,0.87
"362","lactate",0.5,2,0.87
"363","lactate",0.5,3,0.87
"364","lactate",1,1,1.76
"365","lactate",1,2,1.07
"366","lactate",1,3,1.38
"367","lactate",2,1,1
"368","lactate",2,2,0.97
"369","lactate",2,3,0.971
"370","lactate",4,1,1
"371","lactate",4,2,0.253
"372","lactate",4,3,0.962
"373","lactate",12,1,1.41
"374","lactate",12,2,0.706
"375","lactate",12,3,1.02
"376","lactate",24,1,6.44
"377","lactate",24,2,5.89
"378","lactate",24,3,7.86
"379","lactate",48,1,4.43
"380","lactate",48,2,4.17
"381","lactate",48,3,2.7
"382","lactate",72,1,12.4
"383","lactate",72,2,12.5
"384","lactate",72,3,12.3
"385","phosphorate",0.5,1,1.3
"386","phosphorate",0.5,2,1.28
"387","phosphorate",0.5,3,1.31
"388","phosphorate",1,1,0.878
"389","phosphorate",1,2,0.919
"390","phosphorate",1,3,0.96
"391","phosphorate",2,1,0.946
"392","phosphorate",2,2,0.946
"393","phosphorate",2,3,0.952
"394","phosphorate",4,1,1.5
"395","phosphorate",4,2,1.25
"396","phosphorate",4,3,1.14
"397","phosphorate",12,1,1.06
"398","phosphorate",12,2,1.23
"399","phosphorate",12,3,1.14
"400","phosphorate",24,1,1.9
"401","phosphorate",24,2,1.97
"402","phosphorate",24,3,1.88
"403","phosphorate",48,1,0.772
"404","phosphorate",48,2,0.823
"405","phosphorate",48,3,0.871
"406","phosphorate",72,1,0.55
"407","phosphorate",72,2,0.55
"408","phosphorate",72,3,0.55
"409","n-butylamine",0.5,1,0.998
"410","n-butylamine",0.5,2,1.37
"411","n-butylamine",0.5,3,1.07
"412","n-butylamine",1,1,1
"413","n-butylamine",1,2,1.03
"414","n-butylamine",1,3,1.12
"415","n-butylamine",2,1,1.05
"416","n-butylamine",2,2,1.07
"417","n-butylamine",2,3,1.07
"418","n-butylamine",4,1,1.06
"419","n-butylamine",4,2,1.19
"420","n-butylamine",4,3,0.894
"421","n-butylamine",12,1,1.19
"422","n-butylamine",12,2,0.935
"423","n-butylamine",12,3,1.17
"424","n-butylamine",24,1,1.14
"425","n-butylamine",24,2,1.07
"426","n-butylamine",24,3,1.02
"427","n-butylamine",48,1,0.932
"428","n-butylamine",48,2,0.932
"429","n-butylamine",48,3,0.983
"430","n-butylamine",72,1,1.26
"431","n-butylamine",72,2,0.97
"432","n-butylamine",72,3,1.05
"433","ethanolamine",0.5,1,1.31
"434","ethanolamine",0.5,2,1.29
"435","ethanolamine",0.5,3,1.37
"436","ethanolamine",1,1,2.12
"437","ethanolamine",1,2,0.52
"438","ethanolamine",1,3,0.901
"439","ethanolamine",2,1,1.17
"440","ethanolamine",2,2,1.19
"441","ethanolamine",2,3,1.16
"442","ethanolamine",4,1,1.29
"443","ethanolamine",4,2,1.39
"444","ethanolamine",4,3,1.14
"445","ethanolamine",12,1,0.528
"446","ethanolamine",12,2,0.526
"447","ethanolamine",12,3,0.518
"448","ethanolamine",24,1,0.569
"449","ethanolamine",24,2,0.627
"450","ethanolamine",24,3,0.636
"451","ethanolamine",48,1,0.337
"452","ethanolamine",48,2,0.308
"453","ethanolamine",48,3,0.329
"454","ethanolamine",72,1,0.26
"455","ethanolamine",72,2,0.277
"456","ethanolamine",72,3,0.254
"457","glycerol",0.5,1,1.61
"458","glycerol",0.5,2,1.67
"459","glycerol",0.5,3,1.53
"460","glycerol",1,1,0.479
"461","glycerol",1,2,0.714
"462","glycerol",1,3,1.09
"463","glycerol",2,1,0.665
"464","glycerol",2,2,0.7
"465","glycerol",2,3,0.685
"466","glycerol",4,1,1.91
"467","glycerol",4,2,1.87
"468","glycerol",4,3,1.93
"469","glycerol",12,1,1.54
"470","glycerol",12,2,1.42
"471","glycerol",12,3,1.3
"472","glycerol",24,1,3.54
"473","glycerol",24,2,2.98
"474","glycerol",24,3,2.77
"475","glycerol",48,1,0.85
"476","glycerol",48,2,0.88
"477","glycerol",48,3,0.87
"478","glycerol",72,1,1.39
"479","glycerol",72,2,1.4
"480","glycerol",72,3,1.44
"481","succinate",0.5,1,0.746
"482","succinate",0.5,2,0.743
"483","succinate",0.5,3,0.768
"484","succinate",1,1,1.07
"485","succinate",1,2,1.21
"486","succinate",1,3,1.08
"487","succinate",2,1,0.77
"488","succinate",2,2,0.854
"489","succinate",2,3,0.785
"490","succinate",4,1,0.593
"491","succinate",4,2,0.549
"492","succinate",4,3,0.528
"493","succinate",12,1,0.294
"494","succinate",12,2,0.44
"495","succinate",12,3,0.376
"496","succinate",24,1,0.21
"497","succinate",24,2,0.21
"498","succinate",24,3,0.21
"499","succinate",48,1,0.783
"500","succinate",48,2,0.957
"501","succinate",48,3,0.857
"502","succinate",72,1,1.63
"503","succinate",72,2,1.6
"504","succinate",72,3,1.63
"505","glycerate",0.5,1,1.15
"506","glycerate",0.5,2,1.16
"507","glycerate",0.5,3,1.24
"508","glycerate",1,1,0.921
"509","glycerate",1,2,0.644
"510","glycerate",1,3,0.746
"511","glycerate",2,1,0.58
"512","glycerate",2,2,0.58
"513","glycerate",2,3,0.58
"514","glycerate",4,1,0.977
"515","glycerate",4,2,0.841
"516","glycerate",4,3,0.857
"517","glycerate",12,1,1.2
"518","glycerate",12,2,1.24
"519","glycerate",12,3,1.16
"520","glycerate",24,1,1.82
"521","glycerate",24,2,1.61
"522","glycerate",24,3,1.23
"523","glycerate",48,1,1.19
"524","glycerate",48,2,1.67
"525","glycerate",48,3,1.28
"526","glycerate",72,1,0.664
"527","glycerate",72,2,0.665
"528","glycerate",72,3,0.735
"529","fumarate",0.5,1,0.8
"530","fumarate",0.5,2,0.825
"531","fumarate",0.5,3,0.815
"532","fumarate",1,1,0.999
"533","fumarate",1,2,1.09
"534","fumarate",1,3,1.04
"535","fumarate",2,1,0.721
"536","fumarate",2,2,0.753
"537","fumarate",2,3,0.743
"538","fumarate",4,1,0.672
"539","fumarate",4,2,0.703
"540","fumarate",4,3,0.717
"541","fumarate",12,1,0.53
"542","fumarate",12,2,0.54
"543","fumarate",12,3,0.541
"544","fumarate",24,1,0.254
"545","fumarate",24,2,0.253
"546","fumarate",24,3,0.215
"547","fumarate",48,1,0.981
"548","fumarate",48,2,0.724
"549","fumarate",48,3,0.893
"550","fumarate",72,1,2.27
"551","fumarate",72,2,2.33
"552","fumarate",72,3,2.29
"553","cadaverine",0.5,1,1.09
"554","cadaverine",0.5,2,1.13
"555","cadaverine",0.5,3,0.964
"556","cadaverine",1,1,0.933
"557","cadaverine",1,2,1.06
"558","cadaverine",1,3,1.06
"559","cadaverine",2,1,1.07
"560","cadaverine",2,2,1.04
"561","cadaverine",2,3,1.01
"562","cadaverine",4,1,0.929
"563","cadaverine",4,2,0.925
"564","cadaverine",4,3,0.916
"565","cadaverine",12,1,0.736
"566","cadaverine",12,2,0.809
"567","cadaverine",12,3,0.809
"568","cadaverine",24,1,0.846
"569","cadaverine",24,2,0.854
"570","cadaverine",24,3,0.875
"571","cadaverine",48,1,1.12
"572","cadaverine",48,2,1.1
"573","cadaverine",48,3,1.03
"574","cadaverine",72,1,0.968
"575","cadaverine",72,2,0.942
"576","cadaverine",72,3,0.954
"577","malate",0.5,1,0.752
"578","malate",0.5,2,0.781
"579","malate",0.5,3,0.769
"580","malate",1,1,0.713
"581","malate",1,2,1.23
"582","malate",1,3,1.16
"583","malate",2,1,0.867
"584","malate",2,2,0.926
"585","malate",2,3,0.857
"586","malate",4,1,0.74
"587","malate",4,2,0.711
"588","malate",4,3,0.719
"589","malate",12,1,0.647
"590","malate",12,2,0.726
"591","malate",12,3,0.642
"592","malate",24,1,1.09
"593","malate",24,2,1.24
"594","malate",24,3,1.71
"595","malate",48,1,0.793
"596","malate",48,2,0.842
"597","malate",48,3,0.862
"598","malate",72,1,2.32
"599","malate",72,2,2.34
"600","malate",72,3,2.33
"601","4-aminobutyrate",0.5,1,0.87
"602","4-aminobutyrate",0.5,2,0.87
"603","4-aminobutyrate",0.5,3,0.87
"604","4-aminobutyrate",1,1,1.31
"605","4-aminobutyrate",1,2,0.949
"606","4-aminobutyrate",1,3,1.24
"607","4-aminobutyrate",2,1,1.21
"608","4-aminobutyrate",2,2,1.21
"609","4-aminobutyrate",2,3,1.21
"610","4-aminobutyrate",4,1,0.92
"611","4-aminobutyrate",4,2,0.82
"612","4-aminobutyrate",4,3,0.832
"613","4-aminobutyrate",12,1,0.84
"614","4-aminobutyrate",12,2,0.722
"615","4-aminobutyrate",12,3,0.753
"616","4-aminobutyrate",24,1,0.9
"617","4-aminobutyrate",24,2,0.99
"618","4-aminobutyrate",24,3,0.969
"619","4-aminobutyrate",48,1,0.96
"620","4-aminobutyrate",48,2,0.882
"621","4-aminobutyrate",48,3,0.888
"622","4-aminobutyrate",72,1,1.8
"623","4-aminobutyrate",72,2,1.69
"624","4-aminobutyrate",72,3,1.66
"625","cysteine",0.5,1,1.02
"626","cysteine",0.5,2,1.05
"627","cysteine",0.5,3,1.05
"628","cysteine",1,1,1.87
"629","cysteine",1,2,1.27
"630","cysteine",1,3,1.6
"631","cysteine",2,1,1.61
"632","cysteine",2,2,1.37
"633","cysteine",2,3,1.47
"634","cysteine",4,1,0.898
"635","cysteine",4,2,0.966
"636","cysteine",4,3,0.861
"637","cysteine",12,1,0.775
"638","cysteine",12,2,0.894
"639","cysteine",12,3,0.607
"640","cysteine",24,1,0.26
"641","cysteine",24,2,0.192
"642","cysteine",24,3,0.296
"643","cysteine",48,1,1.13
"644","cysteine",48,2,0.803
"645","cysteine",48,3,1.85
"646","cysteine",72,1,1.08
"647","cysteine",72,2,0.376
"648","cysteine",72,3,0.248
"649","a-ketoglutarate",0.5,1,0.876
"650","a-ketoglutarate",0.5,2,1.27
"651","a-ketoglutarate",0.5,3,1.02
"652","a-ketoglutarate",1,1,1.18
"653","a-ketoglutarate",1,2,0.982
"654","a-ketoglutarate",1,3,0.96
"655","a-ketoglutarate",2,1,0.917
"656","a-ketoglutarate",2,2,0.785
"657","a-ketoglutarate",2,3,0.892
"658","a-ketoglutarate",4,1,0.747
"659","a-ketoglutarate",4,2,1.61
"660","a-ketoglutarate",4,3,0.884
"661","a-ketoglutarate",12,1,0.618
"662","a-ketoglutarate",12,2,0.763
"663","a-ketoglutarate",12,3,0.875
"664","a-ketoglutarate",24,1,0.417
"665","a-ketoglutarate",24,2,0.507
"666","a-ketoglutarate",24,3,0.486
"667","a-ketoglutarate",48,1,1.73
"668","a-ketoglutarate",48,2,2.42
"669","a-ketoglutarate",48,3,1.45
"670","a-ketoglutarate",72,1,1.82
"671","a-ketoglutarate",72,2,1.83
"672","a-ketoglutarate",72,3,1.83
"673","aconitate",0.5,1,1.72
"674","aconitate",0.5,2,1.6
"675","aconitate",0.5,3,1.51
"676","aconitate",1,1,0.868
"677","aconitate",1,2,0.741
"678","aconitate",1,3,1.05
"679","aconitate",2,1,0.99
"680","aconitate",2,2,0.948
"681","aconitate",2,3,1.01
"682","aconitate",4,1,1.34
"683","aconitate",4,2,1.48
"684","aconitate",4,3,1.36
"685","aconitate",12,1,1.1
"686","aconitate",12,2,0.806
"687","aconitate",12,3,1.13
"688","aconitate",24,1,1.08
"689","aconitate",24,2,0.681
"690","aconitate",24,3,0.685
"691","aconitate",48,1,0.316
"692","aconitate",48,2,0.388
"693","aconitate",48,3,0.408
"694","aconitate",72,1,0.786
"695","aconitate",72,2,0.832
"696","aconitate",72,3,0.769
"697","putrescine",0.5,1,0.603
"698","putrescine",0.5,2,0.603
"699","putrescine",0.5,3,0.63
"700","putrescine",1,1,0.919
"701","putrescine",1,2,1
"702","putrescine",1,3,0.896
"703","putrescine",2,1,0.821
"704","putrescine",2,2,0.829
"705","putrescine",2,3,0.813
"706","putrescine",4,1,0.949
"707","putrescine",4,2,1.1
"708","putrescine",4,3,0.692
"709","putrescine",12,1,0.823
"710","putrescine",12,2,0.901
"711","putrescine",12,3,0.943
"712","putrescine",24,1,0.496
"713","putrescine",24,2,0.494
"714","putrescine",24,3,0.499
"715","putrescine",48,1,0.552
"716","putrescine",48,2,0.961
"717","putrescine",48,3,0.851
"718","putrescine",72,1,0.56
"719","putrescine",72,2,0.544
"720","putrescine",72,3,0.565
"721","ribonate",0.5,1,1
"722","ribonate",0.5,2,1.02
"723","ribonate",0.5,3,0.993
"724","ribonate",1,1,1.02
"725","ribonate",1,2,0.944
"726","ribonate",1,3,0.935
"727","ribonate",2,1,0.907
"728","ribonate",2,2,0.955
"729","ribonate",2,3,0.875
"730","ribonate",4,1,0.822
"731","ribonate",4,2,0.89
"732","ribonate",4,3,0.897
"733","ribonate",12,1,0.86
"734","ribonate",12,2,0.821
"735","ribonate",12,3,0.802
"736","ribonate",24,1,0.821
"737","ribonate",24,2,0.829
"738","ribonate",24,3,0.647
"739","ribonate",48,1,0.837
"740","ribonate",48,2,0.845
"741","ribonate",48,3,0.823
"742","ribonate",72,1,0.806
"743","ribonate",72,2,0.802
"744","ribonate",72,3,0.786
"745","shikimate",0.5,1,0.746
"746","shikimate",0.5,2,0.727
"747","shikimate",0.5,3,0.613
"748","shikimate",1,1,1.05
"749","shikimate",1,2,0.786
"750","shikimate",1,3,0.603
"751","shikimate",2,1,0.58
"752","shikimate",2,2,0.622
"753","shikimate",2,3,0.618
"754","shikimate",4,1,0.517
"755","shikimate",4,2,0.526
"756","shikimate",4,3,0.506
"757","shikimate",12,1,0.526
"758","shikimate",12,2,0.522
"759","shikimate",12,3,0.524
"760","shikimate",24,1,0.324
"761","shikimate",24,2,0.316
"762","shikimate",24,3,0.368
"763","shikimate",48,1,0.748
"764","shikimate",48,2,0.64
"765","shikimate",48,3,0.68
"766","shikimate",72,1,2.01
"767","shikimate",72,2,1.97
"768","shikimate",72,3,1.99
"769","citrate",0.5,1,0.949
"770","citrate",0.5,2,1.01
"771","citrate",0.5,3,1.01
"772","citrate",1,1,1.29
"773","citrate",1,2,1.1
"774","citrate",1,3,1.07
"775","citrate",2,1,1.52
"776","citrate",2,2,1.54
"777","citrate",2,3,1.71
"778","citrate",4,1,1.32
"779","citrate",4,2,1.32
"780","citrate",4,3,1.29
"781","citrate",12,1,1.06
"782","citrate",12,2,1.01
"783","citrate",12,3,1.02
"784","citrate",24,1,0.145
"785","citrate",24,2,0.382
"786","citrate",24,3,0.457
"787","citrate",48,1,0.509
"788","citrate",48,2,0.584
"789","citrate",48,3,0.567
"790","citrate",72,1,0.766
"791","citrate",72,2,0.782
"792","citrate",72,3,0.752
"793","D-fructose",0.5,1,0.768
"794","D-fructose",0.5,2,0.743
"795","D-fructose",0.5,3,0.727
"796","D-fructose",1,1,1.1
"797","D-fructose",1,2,1.02
"798","D-fructose",1,3,1.19
"799","D-fructose",2,1,0.886
"800","D-fructose",2,2,0.889
"801","D-fructose",2,3,0.893
"802","D-fructose",4,1,0.699
"803","D-fructose",4,2,0.627
"804","D-fructose",4,3,0.684
"805","D-fructose",12,1,0.25
"806","D-fructose",12,2,0.245
"807","D-fructose",12,3,0.236
"808","D-fructose",24,1,0.598
"809","D-fructose",24,2,0.625
"810","D-fructose",24,3,0.673
"811","D-fructose",48,1,1.07
"812","D-fructose",48,2,0.887
"813","D-fructose",48,3,0.972
"814","D-fructose",72,1,1.52
"815","D-fructose",72,2,1.61
"816","D-fructose",72,3,1.51
"817","glucose",0.5,1,0.97
"818","glucose",0.5,2,0.97
"819","glucose",0.5,3,0.97
"820","glucose",1,1,1.02
"821","glucose",1,2,1.01
"822","glucose",1,3,1.03
"823","glucose",2,1,1.02
"824","glucose",2,2,1.02
"825","glucose",2,3,1.03
"826","glucose",4,1,0.854
"827","glucose",4,2,0.88
"828","glucose",4,3,0.839
"829","glucose",12,1,0.866
"830","glucose",12,2,0.847
"831","glucose",12,3,0.828
"832","glucose",24,1,0.333
"833","glucose",24,2,0.412
"834","glucose",24,3,0.31
"835","glucose",48,1,0.632
"836","glucose",48,2,0.638
"837","glucose",48,3,0.609
"838","glucose",72,1,0.585
"839","glucose",72,2,0.58
"840","glucose",72,3,0.569
"841","lysine",0.5,1,1.33
"842","lysine",0.5,2,1.31
"843","lysine",0.5,3,1.31
"844","lysine",1,1,1.32
"845","lysine",1,2,2.3
"846","lysine",1,3,2.29
"847","lysine",2,1,1.85
"848","lysine",2,2,1.84
"849","lysine",2,3,1.86
"850","lysine",4,1,1.39
"851","lysine",4,2,1.27
"852","lysine",4,3,1.42
"853","lysine",12,1,0.753
"854","lysine",12,2,0.665
"855","lysine",12,3,0.649
"856","lysine",24,1,0.26
"857","lysine",24,2,0.324
"858","lysine",24,3,0.349
"859","lysine",48,1,0.958
"860","lysine",48,2,0.934
"861","lysine",48,3,0.981
"862","lysine",72,1,0.25
"863","lysine",72,2,0.248
"864","lysine",72,3,0.24
"865","tyrosine",0.5,1,1.81
"866","tyrosine",0.5,2,1.81
"867","tyrosine",0.5,3,1.79
"868","tyrosine",1,1,3.72
"869","tyrosine",1,2,4.08
"870","tyrosine",1,3,3.16
"871","tyrosine",2,1,4.04
"872","tyrosine",2,2,3.53
"873","tyrosine",2,3,3.83
"874","tyrosine",4,1,1.29
"875","tyrosine",4,2,0.947
"876","tyrosine",4,3,1.5
"877","tyrosine",12,1,0.69
"878","tyrosine",12,2,0.787
"879","tyrosine",12,3,0.773
"880","tyrosine",24,1,0.232
"881","tyrosine",24,2,0.261
"882","tyrosine",24,3,0.292
"883","tyrosine",48,1,0.247
"884","tyrosine",48,2,1.04
"885","tyrosine",48,3,0.541
"886","tyrosine",72,1,0.159
"887","tyrosine",72,2,0.121
"888","tyrosine",72,3,0.137
"889","gluconate",0.5,1,0.957
"890","gluconate",0.5,2,0.936
"891","gluconate",0.5,3,0.966
"892","gluconate",1,1,1.01
"893","gluconate",1,2,1.01
"894","gluconate",1,3,1.16
"895","gluconate",2,1,1
"896","gluconate",2,2,1
"897","gluconate",2,3,0.972
"898","gluconate",4,1,0.926
"899","gluconate",4,2,0.852
"900","gluconate",4,3,0.912
"901","gluconate",12,1,0.712
"902","gluconate",12,2,0.731
"903","gluconate",12,3,0.745
"904","gluconate",24,1,0.36
"905","gluconate",24,2,0.355
"906","gluconate",24,3,0.381
"907","gluconate",48,1,0.531
"908","gluconate",48,2,0.492
"909","gluconate",48,3,0.526
"910","gluconate",72,1,0.465
"911","gluconate",72,2,0.485
"912","gluconate",72,3,0.474
"913","galactonate",0.5,1,1.07
"914","galactonate",0.5,2,1.04
"915","galactonate",0.5,3,1.06
"916","galactonate",1,1,0.866
"917","galactonate",1,2,1
"918","galactonate",1,3,0.95
"919","galactonate",2,1,0.95
"920","galactonate",2,2,0.95
"921","galactonate",2,3,0.95
"922","galactonate",4,1,0.906
"923","galactonate",4,2,0.922
"924","galactonate",4,3,0.894
"925","galactonate",12,1,0.779
"926","galactonate",12,2,0.758
"927","galactonate",12,3,0.843
"928","galactonate",24,1,0.586
"929","galactonate",24,2,0.59
"930","galactonate",24,3,0.524
"931","galactonate",48,1,0.673
"932","galactonate",48,2,0.739
"933","galactonate",48,3,0.759
"934","galactonate",72,1,0.675
"935","galactonate",72,2,0.795
"936","galactonate",72,3,0.706
"937","inositol",0.5,1,1.03
"938","inositol",0.5,2,1.03
"939","inositol",0.5,3,1.03
"940","inositol",1,1,0.787
"941","inositol",1,2,0.826
"942","inositol",1,3,1.17
"943","inositol",2,1,0.835
"944","inositol",2,2,0.84
"945","inositol",2,3,0.838
"946","inositol",4,1,0.945
"947","inositol",4,2,0.908
"948","inositol",4,3,0.874
"949","inositol",12,1,0.985
"950","inositol",12,2,1.01
"951","inositol",12,3,1
"952","inositol",24,1,2.54
"953","inositol",24,2,2.4
"954","inositol",24,3,2.19
"955","inositol",48,1,1.6
"956","inositol",48,2,1.65
"957","inositol",48,3,1.61
"958","inositol",72,1,1.63
"959","inositol",72,2,1.63
"960","inositol",72,3,1.59
"961","uric acid",0.5,1,0.757
"962","uric acid",0.5,2,0.744
"963","uric acid",0.5,3,0.766
"964","uric acid",1,1,1.82
"965","uric acid",1,2,2.18
"966","uric acid",1,3,0.783
"967","uric acid",2,1,2.63
"968","uric acid",2,2,2.48
"969","uric acid",2,3,2.66
"970","uric acid",4,1,1.13
"971","uric acid",4,2,0.984
"972","uric acid",4,3,0.819
"973","uric acid",12,1,0.636
"974","uric acid",12,2,0.569
"975","uric acid",12,3,0.63
"976","uric acid",24,1,0.922
"977","uric acid",24,2,0.689
"978","uric acid",24,3,0.814
"979","uric acid",48,1,1.88
"980","uric acid",48,2,2.01
"981","uric acid",48,3,1.92
"982","uric acid",72,1,1.42
"983","uric acid",72,2,1.44
"984","uric acid",72,3,1.51
"985","sucrose",0.5,1,0.854
"986","sucrose",0.5,2,0.86
"987","sucrose",0.5,3,0.873
"988","sucrose",1,1,1.13
"989","sucrose",1,2,1.19
"990","sucrose",1,3,1.07
"991","sucrose",2,1,1.54
"992","sucrose",2,2,1.5
"993","sucrose",2,3,1.52
"994","sucrose",4,1,1.07
"995","sucrose",4,2,0.843
"996","sucrose",4,3,0.966
"997","sucrose",12,1,1.25
"998","sucrose",12,2,1.24
"999","sucrose",12,3,1.11
"1000","sucrose",24,1,0.513
"1001","sucrose",24,2,0.449
"1002","sucrose",24,3,0.504
"1003","sucrose",48,1,2.13
"1004","sucrose",48,2,2.03
"1005","sucrose",48,3,2.53
"1006","sucrose",72,1,9.93
"1007","sucrose",72,2,10
"1008","sucrose",72,3,9.94
"1009","trehalose",0.5,1,1.09
"1010","trehalose",0.5,2,1.11
"1011","trehalose",0.5,3,1.14
"1012","trehalose",1,1,1.07
"1013","trehalose",1,2,1.04
"1014","trehalose",1,3,1.13
"1015","trehalose",2,1,0.857
"1016","trehalose",2,2,0.887
"1017","trehalose",2,3,0.857
"1018","trehalose",4,1,0.68
"1019","trehalose",4,2,0.6
"1020","trehalose",4,3,0.686
"1021","trehalose",12,1,0.849
"1022","trehalose",12,2,0.83
"1023","trehalose",12,3,0.954
"1024","trehalose",24,1,0.695
"1025","trehalose",24,2,0.756
"1026","trehalose",24,3,0.77
"1027","trehalose",48,1,0.814
"1028","trehalose",48,2,0.768
"1029","trehalose",48,3,0.924
"1030","trehalose",72,1,1.4
"1031","trehalose",72,2,1.42
"1032","trehalose",72,3,1.44
